Freq [GHz],barium-dipole | output_power [],"barium-loop | mag(S(waveport1:1,antenna))**2 []",ferrite-dipole | output_power [],"ferrite-loop | mag(S(waveport1:1,antenna))**2 []",silver-dipole | output_power [],"silver-loop | mag(S(waveport1:1,antenna))**2 []"
0.0262016806722689,6.70325294961661e-09,1.0641954845239848e-08,1.20788681745036e-09,2.3878977254591122e-09,1.6313267133526798e-12,1.3859921001706526e-13
0.033636176470588225,1.2307068589329616e-08,1.7537634978458838e-08,2.203840503493286e-09,3.934995466355087e-09,4.303924385238237e-12,1.4034003648413944e-13
0.04107067226890755,1.959424228941198e-08,2.6146564397897905e-08,3.5274280748645995e-09,5.866443857821631e-09,7.951596170069818e-12,1.423759102562869e-13
0.048505168067226885,2.8563944884066166e-08,3.6468574720109696e-08,5.1650316173501865e-09,8.182190104095343e-09,1.2547721421291053e-11,1.447613082602992e-13
0.05593966386554621,3.9215207716181776e-08,4.850345835528417e-08,7.103649783061229e-09,1.0882147583724203e-08,1.8065679492345554e-11,1.4745585183306623e-13
0.06337415966386553,5.154505672875187e-08,6.22509652369338e-08,9.339145303311138e-09,1.3966175285091228e-08,2.4478849736676943e-11,1.504371908808134e-13
0.07080865546218487,6.554901490088584e-08,7.771079927999164e-08,1.187402416840954e-08,1.743405300374817e-08,3.176061150772887e-11,1.5367368613170382e-13
0.0782431512605042,8.122257049651552e-08,9.48826138210764e-08,1.471094541999857e-08,2.1285398844464478e-08,3.9884381001303874e-11,1.5713177138519984e-13
0.08567764705882353,9.856148740748431e-08,1.1376600833267495e-07,1.7851284531597874e-08,2.5519715971648568e-08,4.88296861865976e-11,1.607809228453939e-13
0.09311214285714285,1.175621105487586e-07,1.3436051821721476e-07,2.1293711217519668e-08,3.013586741433187e-08,5.858893863971497e-11,1.6457261431206832e-13
0.10054663865546218,1.3822085844699987e-07,1.5666562931306874e-07,2.5036552390707642e-08,3.513358011215033e-08,6.915618220251022e-11,1.685250376373222e-13
0.1079811344537815,1.605341263939088e-07,1.8068087814236933e-07,2.9078248127546427e-08,4.0514820806505886e-08,8.052524981585549e-11,1.7271083928955225e-13
0.11541563025210085,1.844981538355833e-07,2.0640581607839782e-07,3.3417997534092566e-08,4.6279147390873734e-08,9.268855982857905e-11,1.7700040499498969e-13
0.12285012605042017,2.1010911612957043e-07,2.3383987227088748e-07,3.8055311852970326e-08,5.242594063653702e-08,1.056379488653397e-10,1.8135120164220642e-13
0.1302846218487395,2.3736319012978337e-07,2.6298245318124175e-07,4.29896988486277e-08,5.895503784980849e-08,1.1936529136682787e-10,1.8573743378470524e-13
0.13771911764705883,2.662566051000419e-07,2.938329249464906e-07,4.8220528905434804e-08,6.586619459833512e-08,1.3386368730976183e-10,1.9013480331959218e-13
0.14515361344537814,2.967856514955254e-07,3.2639061819552397e-07,5.374701200919932e-08,7.315917303024185e-08,1.4912766754948647e-10,1.9452114541840524e-13
0.15258810924369748,3.289466232334621e-07,3.6065482692474666e-07,5.9568349069214586e-08,8.08337188540465e-08,1.6515184395678343e-10,1.9887636019748824e-13
0.16002260504201682,3.627358025493897e-07,3.966248089510919e-07,6.568375768511672e-08,8.888956773574109e-08,1.8193108486420115e-10,2.0318246727102725e-13
0.16745710084033616,3.9814943154609596e-07,4.3429978595706086e-07,7.209251279664848e-08,9.732644394077253e-08,1.9946113968535263e-10,2.074235737366653e-13
0.17489159663865544,4.351837437146156e-07,4.736789436513193e-07,7.879390164768837e-08,1.0614406102285189e-07,2.1773794689769782e-10,2.115858199795786e-13
0.18232609243697478,4.7383498125015775e-07,5.147614319069666e-07,8.578721247374685e-08,1.1534212197677424e-07,2.3675750536378376e-10,2.156572952421907e-13
0.18976058823529413,5.140994896370462e-07,5.575463649136834e-07,9.307174527765076e-08,1.249203195330417e-07,2.565165305130005e-10,2.1962793342991728e-13
0.19719508403361347,5.559736820101635e-07,6.020328213342495e-07,1.00646807769385e-07,1.3487833641497293e-07,2.7701220709957424e-10,2.2348939399692444e-13
0.2046295798319328,5.994539721199422e-07,6.482198444678562e-07,1.0851170763115284e-07,1.4521584560399623e-07,2.982417321466642e-10,2.272349333511375e-13
0.2120640756302521,6.445367184439207e-07,6.961064424195677e-07,1.1666573655548091e-07,1.559325105998862e-07,3.202027110548514e-10,2.308592711261379e-13
0.21949857142857143,6.912181781560116e-07,7.456915882760503e-07,1.2510815692917055e-07,1.670279856781983e-07,3.4289349769492326e-10,2.343584550180583e-13
0.22693306722689077,7.394945975924456e-07,7.969742202875027e-07,1.338382280038332e-07,1.7850191614316514e-07,3.663125260106243e-10,2.3772972716113176e-13
0.2343675630252101,7.893622512653566e-07,8.499532420557693e-07,1.4285521837161169e-07,1.9035393857541627e-07,3.9045828561190347e-10,2.409713943787835e-13
0.2418020588235294,8.408175750376438e-07,9.046275227285924e-07,1.5215845011368534e-07,2.0258368107368069e-07,4.1532958488411294e-10,2.4408270407259774e-13
0.24923655462184874,8.938570621075089e-07,9.609958971999714e-07,1.6174726431833275e-07,2.1519076348975508e-07,4.409253454880735e-10,2.4706372701375483e-13
0.2566710504201681,9.484772020467827e-07,1.019057166316601e-06,1.7162100130209181e-07,2.281747976560689e-07,4.672445036746251e-10,2.4991524787850134e-13
0.2641055462184874,1.0046743959599861e-06,1.0788100970903471e-06,1.8177898235914048e-07,2.415353876052431e-07,4.942863417544903e-10,2.526386640182626e-13
0.27154004201680676,1.0624449545067108e-06,1.1402534229167035e-06,1.9222050933606628e-07,2.5527212978111057e-07,5.220504958341811e-10,2.552358926703583e-13
0.2789745378151261,1.1217851842747079e-06,1.2033858437992327e-06,2.029448832009392e-07,2.6938461324074016e-07,5.505366180359575e-10,2.577092865903006e-13
0.2864090336134454,1.1826914157380192e-06,1.2682060265799286e-06,2.1395140627468699e-07,2.8387241984704804e-07,5.797443783556386e-10,2.6006155791378075e-13
0.2938435294117647,1.2451600499944823e-06,1.3347126051754095e-06,2.2523938487818707e-07,2.987351244516967e-07,6.096734996352005e-10,2.622957099282184e-13
0.30127802521008407,1.3091875011318013e-06,1.4029041808190015e-06,2.3680812606802926e-07,3.139722950679885e-07,6.403237144366374e-10,2.6441497634303185e-13
0.3087125210084034,1.3747701923572309e-06,1.4727793223085803e-06,2.486569401518019e-07,3.295834930335941e-07,6.716947825483838e-10,2.664227675879185e-13
0.3161470168067227,1.4419046372203788e-06,1.544336566260171e-06,2.6078516964294263e-07,3.4556827316296196e-07,7.037867334762239e-10,2.6832262363342837e-13
0.32358151260504203,1.510587400885773e-06,1.6175744173672602e-06,2.7319217545492274e-07,3.619261838893599e-07,7.365997508224224e-10,2.701181728128758e-13
0.3310160084033614,1.580815049137002e-06,1.6924913486657089e-06,2.8587731844105903e-07,3.786567673965413e-07,7.701340202256264e-10,2.7181309612448233e-13
0.3384505042016807,1.6525841486910446e-06,1.7690858018043384e-06,2.988399414802559e-07,3.9575955974010566e-07,8.043897423770267e-10,2.7341109650406303e-13
0.34588500000000005,1.725891267756031e-06,1.8473561873210105e-06,3.1207935873603873e-07,4.1323409095864713e-07,8.393671420153044e-10,2.74915872578147e-13
0.35331949579831934,1.8007329746736963e-06,1.9273008849242624e-06,3.2559488179908275e-07,4.310798851748831e-07,8.750664460337554e-10,2.7633109643287577e-13
0.3607539915966387,1.8771058098512518e-06,2.0089182437803115e-06,3.393858283170312e-07,4.492964606869638e-07,9.114878811980533e-10,2.7766039496304373e-13
0.368188487394958,1.9550061766813206e-06,2.0922065828055724e-06,3.534515456460302e-07,4.678833300502415e-07,9.486316736479003e-10,2.789073343969617e-13
0.37562298319327736,2.034430436616374e-06,2.177164190964424e-06,3.677913902359962e-07,4.868400001498103e-07,9.86498049331389e-10,2.800754076247109e-13
0.3830574789915967,2.1153749609235204e-06,2.263789327572304e-06,3.824047182313605e-07,5.061659722641455e-07,1.02508724086605e-09,2.811680239893471e-13
0.390491974789916,2.197836307524264e-06,2.35208022260401e-06,3.9729087992893954e-07,5.258607421202633e-07,1.0643996075707332e-09,2.821885012317218e-13
0.3979264705882353,2.2818112014519884e-06,2.4420350770072546e-06,4.124492203901753e-07,5.459237999407814e-07,1.104435622200112e-09,2.8314005930946116e-13
0.40536096638655467,2.3672963735686493e-06,2.5336520630211473e-06,4.278790845038985e-07,5.663546304833575e-07,1.1451957615057755e-09,2.840258158388783e-13
0.412795462184874,2.454288523408781e-06,2.626929324499978e-06,4.4357982240941305e-07,5.871527130729608e-07,1.1866804982676183e-09,2.848487829349937e-13
0.4202299579831933,2.5427842705552927e-06,2.7218649772417924e-06,4.595507976459073e-07,6.083175216274737e-07,1.2288902951292578e-09,2.856118652493558e-13
0.42766445378151263,2.632780222020542e-06,2.8184571093219855e-06,4.757913758593931e-07,6.298485246771378e-07,1.2718256131406164e-09,2.863178590278569e-13
0.435098949579832,2.7242729792032314e-06,2.916703781431732e-06,4.923009222232462e-07,6.517451853783587e-07,1.315486889276756e-09,2.8696945203133735e-13
0.4425334453781513,2.817259096660659e-06,3.016603027221261e-06,5.090787979670833e-07,6.74006961522411e-07,1.3598743596276214e-09,2.875692241804623e-13
0.44996794117647065,2.911735105661318e-06,3.1181528536478168e-06,5.261243623597463e-07,6.966333055395784e-07,1.4049881604062427e-09,2.8811964880328825e-13
0.45740243697478994,3.007697542466824e-06,3.2213512413283216e-06,5.434369750337753e-07,7.196236644992806e-07,1.4508284349330445e-09,2.8862309437911176e-13
0.4648369327731093,3.1051431803333956e-06,3.3261961448965857e-06,5.610160129724806e-07,7.429774801067238e-07,1.4973956861111206e-09,2.890818266858585e-13
0.4722714285714286,3.204069123211812e-06,3.432685493365164e-06,5.788608773698741e-07,7.666941886966208e-07,1.5446909185935274e-09,2.8949801127043166e-13
0.47970592436974796,3.3044724996094908e-06,3.540817190491506e-06,5.969709712177997e-07,7.907732212245119e-07,1.5927151742921482e-09,2.898737161722809e-13
0.48714042016806725,3.40635028317084e-06,3.6505891151486643e-06,6.153456891996813e-07,8.152140032562255e-07,1.6414693258805856e-09,2.9021091484006336e-13
0.4945749159663866,3.5096987957706026e-06,3.761999121700232e-06,6.339843910314208e-07,8.400159549559925e-07,1.6909535337617799e-09,2.905114891897731e-13
0.5020094117647059,3.6145141878446005e-06,3.875045040379493e-06,6.528864272311995e-07,8.651784910737052e-07,1.7411677709858077e-09,2.9077723276020795e-13
0.5094439075630253,3.72079265481724e-06,3.989724677672851e-06,6.720511487624074e-07,8.907010209318486e-07,1.7921120480635964e-09,2.91009853928265e-13
0.5168784033613446,3.828531083699635e-06,4.10603581670724e-06,6.914779134329268e-07,9.165829484125347e-07,1.8437869513759233e-09,2.912109791523155e-13
0.5243128991596638,3.9377269034646334e-06,4.223976217641658e-06,7.111660844143244e-07,9.428236719451432e-07,1.8961935185838157e-09,2.913821562169973e-13
0.5317473949579833,4.048377556040572e-06,4.34354361806255e-06,7.311150252178457e-07,9.694225844949598e-07,1.9493327986999426e-09,2.915248574571758e-13
0.5391818907563025,4.1604801684621686e-06,4.464735733383076e-06,7.513241391910323e-07,9.963790735532759e-07,2.0032056930691484e-09,2.916404829426928e-13
0.5466163865546219,4.274031171834739e-06,4.587550257246278e-06,7.717929177214861e-07,1.0236925211292989e-06,2.057812776683583e-09,2.9173036360882503e-13
0.5540508823529412,4.389026904120315e-06,4.711984861931734e-06,7.925208639801004e-07,1.0513623037442935e-06,2.1131545808563094e-09,2.9179576432031717e-13
0.5614853781512605,4.505463788592191e-06,4.8380371987660495e-06,8.135074593866776e-07,1.0793877924282977e-06,2.1692316379760034e-09,2.9183788685932013e-13
0.5689198739495799,4.623338852283381e-06,4.965704898536733e-06,8.34752031425519e-07,1.1077683527196423e-06,2.2260444880436234e-09,2.9185787282972e-13
0.5763543697478992,4.742649382711988e-06,5.094985571909666e-06,8.562538411672482e-07,1.1365033446677808e-06,2.283593674344357e-09,2.9185680647218585e-13
0.5837888655462186,4.8633926625257505e-06,5.225876809849832e-06,8.780121522325757e-07,1.1655921228394665e-06,2.3418797472384614e-09,2.918357173858512e-13
0.5912233613445379,4.9855657742656125e-06,5.358376184045345e-06,9.000263236574042e-07,1.1950340363287314e-06,2.4009034967257165e-09,2.917955831538504e-13
0.5986578571428572,5.109165556231979e-06,5.492481247334832e-06,9.222958309367401e-07,1.224828428770787e-06,2.4606660052981414e-09,2.9173733187110313e-13
0.6060923529411765,5.234188831891613e-06,5.628189534137711e-06,9.448201566381385e-07,1.2549746383600468e-06,2.521168373205999e-09,2.916618445736529e-13
0.6135268487394958,5.360632432289117e-06,5.76549856088769e-06,9.675987669934301e-07,1.2854719978725276e-06,2.582411524109008e-09,2.91569957569698e-13
0.6209613445378152,5.488493215853056e-06,5.904405826469104e-06,9.906310692021502e-07,1.3163198346926986e-06,2.6443957435228664e-09,2.914624646730882e-13
0.6283958403361345,5.6177680471956016e-06,6.044908812656136e-06,1.0139164571336949e-06,1.3475174708449874e-06,2.7071211728633544e-09,2.91340119340608e-13
0.6358303361344538,5.748453820233815e-06,6.187004984554849e-06,1.0374543289830742e-06,1.3790642230299718e-06,2.7705880295208186e-09,2.9120363671483146e-13
0.6432648319327732,5.8805477990865915e-06,6.330691791047809e-06,1.0612441375897545e-06,1.4109594026654312e-06,2.8347974906543693e-09,2.910536955746582e-13
0.6506993277310925,6.014047501527446e-06,6.4759666652414e-06,1.0852853732344507e-06,1.4432023159322659e-06,2.8997513910367876e-09,2.908909401959323e-13
0.6581338235294119,6.14895044806878e-06,6.622827024915539e-06,1.1095775264468433e-06,1.47579226382533e-06,2.965451573354653e-09,2.907159821247768e-13
0.6655683193277312,6.285253903060158e-06,6.771270272975864e-06,1.1341200319183315e-06,1.5087285422092447e-06,3.0318993105502276e-09,2.90529401866402e-13
0.6730028151260504,6.422954639096377e-06,6.921293797908208e-06,1.1589122171477911e-06,1.5420104418791273e-06,3.099094781829883e-09,2.903317504922928e-13
0.6804373109243698,6.562049373067269e-06,7.0728949742353255e-06,1.183953397491549e-06,1.575637248626331e-06,3.1670380425038317e-09,2.901235511687309e-13
0.6878718067226891,6.702534897407647e-06,7.226071162975703e-06,1.2092429023380678e-06,1.609608243309031e-06,3.2357292920375157e-09,2.899053006096668e-13
0.6953063025210084,6.844408460379334e-06,7.380819712104403e-06,1.2347801457435955e-06,1.6439227019277416e-06,3.3051695997071656e-09,2.8967747045694726e-13
0.7027407983193278,6.987667480362903e-06,7.5371379570159206e-06,1.26056457336316e-06,1.6785798957056006e-06,3.3753603594102345e-09,2.8944050859090974e-13
0.7101752941176471,7.1323093746805035e-06,7.695023220988832e-06,1.2865956323559822e-06,1.7135790911733638e-06,3.4463029632713073e-09,2.891948403743191e-13
0.7176097899159665,7.278331525557842e-06,7.854472815652175e-06,1.3128728075783533e-06,1.7489195502590977e-06,3.517998742859921e-09,2.8894086983257356e-13
0.7250442857142858,7.425731277717077e-06,8.015484041453526e-06,1.339395624169081e-06,1.7846005303823717e-06,3.5904489650374063e-09,2.8867898077305586e-13
0.7324787815126051,7.5745059740148145e-06,8.178054188128646e-06,1.3661636092171144e-06,1.820621284552842e-06,3.6636548934477292e-09,2.8840953784641926e-13
0.7399132773109245,7.724652887231462e-06,8.342180535172609e-06,1.393176252778471e-06,1.8569810614731663e-06,3.737617673856515e-09,2.881328875525482e-13
0.7473477731092437,7.876169072390406e-06,8.507860352312203e-06,1.4204329298318375e-06,1.8936791056460692e-06,3.812338085730432e-09,2.878493591938182e-13
0.7547822689075631,8.0290515423414e-06,8.675090899979717e-06,1.4479329930685435e-06,1.930714657485381e-06,3.8878168375939735e-09,2.875592657782207e-13
0.7622167647058824,8.183297361209055e-06,8.843869429787874e-06,1.4756758027722251e-06,1.968086953430949e-06,3.964054710036475e-09,2.8726290487481596e-13
0.7696512605042017,8.338904131984252e-06,9.014193185005858e-06,1.5036607990168577e-06,2.0057952260672677e-06,4.041053241003048e-09,2.869605594238771e-13
0.7770857563025211,8.495869779947534e-06,9.186059401036254e-06,1.5318874695980938e-06,2.0438387042455744e-06,4.118814421404514e-09,2.8665249850400754e-13
0.7845202521008404,8.65419222849679e-06,9.359465305892974e-06,1.560355302828475e-06,2.082216613209343e-06,4.197340241103651e-09,2.8633897805842275e-13
0.7919547478991598,8.813868938895252e-06,9.534408120679998e-06,1.5890637776937794e-06,2.1209281747229263e-06,4.276632159147968e-09,2.8602024158248187e-13
0.7993892436974791,8.974896599719949e-06,9.710885060070671e-06,1.6180123575854948e-06,2.159972607203177e-06,4.356690747065226e-09,2.8569652077446845e-13
0.8068237394957984,9.137271826024338e-06,9.888893332787753e-06,1.6472005044112618e-06,2.1993491258538868e-06,4.437516491932826e-09,2.853680361515442e-13
0.8142582352941177,9.300991502171189e-06,1.00684301420839e-05,1.676627674090629e-06,2.2390569428028354e-06,4.519110106178045e-09,2.8503499763268023e-13
0.821692731092437,9.466053903060305e-06,1.0249492686222596e-05,1.706293291624553e-06,2.279095267241248e-06,4.601473465787392e-09,2.8469760509032385e-13
0.8291272268907564,9.632457751078948e-06,1.0432078158959332e-05,1.7361967720641057e-06,2.3194633055654857e-06,4.68460882119133e-09,2.843560488724428e-13
0.8365617226890757,9.800201715348337e-06,1.061618375002304e-05,1.7663375336930987e-06,2.3601602615207876e-06,4.768518390603443e-09,2.840105102965251e-13
0.843996218487395,9.969283370231736e-06,1.0801806645597894e-05,1.796715061068366e-06,2.401185336346827e-06,4.853203729080479e-09,2.8366116211703617e-13
0.8514307142857144,1.0139699265599125e-05,1.0988944028804634e-05,1.8273289007661731e-06,2.442537728924936e-06,4.9386657710856186e-09,2.8330816896774634e-13
0.8588652100840337,1.0311445912599929e-05,1.1177593080182143e-05,1.8581786016727983e-06,2.484216635926791e-06,5.024905427218487e-09,2.8295168778029405e-13
0.866299705882353,1.048452022318315e-05,1.1367750978169102e-05,1.889263668573157e-06,2.526221251964364e-06,5.111923612636652e-09,2.825918681802497e-13
0.8737342016806724,1.0658920183225702e-05,1.1559414899584772e-05,1.9205834880841672e-06,2.5685507697409216e-06,5.199721254710502e-09,2.8222885286190547e-13
0.8811686974789916,1.0834643956588403e-05,1.1752582020110108e-05,1.9521374272385616e-06,2.6112043802029786e-06,5.28829928283448e-09,2.8186277794294596e-13
0.888603193277311,1.1011689693123618e-05,1.1947249514768096e-05,1.983924863392107e-06,2.6541812726929002e-06,5.377658877156695e-09,2.8149377330008376e-13
0.8960376890756303,1.1190055419019254e-05,1.2143414558403307e-05,2.0159452650306637e-06,2.6974806351020596e-06,5.4678034314393375e-09,2.811219628866989e-13
0.9034721848739496,1.1369739096044431e-05,1.2341074326161368e-05,2.0481981481112038e-06,2.7411016540243905e-06,5.55873749255116e-09,2.807474650334626e-13
0.910906680672269,1.1550738679703693e-05,1.2540225993967535e-05,2.0806830289621618e-06,2.785043514910035e-06,5.650465566155445e-09,2.8037039273286943e-13
0.9183411764705883,1.1733051832682414e-05,1.2740866739004217e-05,2.1133994219869326e-06,2.8293054022190343e-06,5.7429895351510026e-09,2.799908539085609e-13
0.9257756722689077,1.1916675790304619e-05,1.294299374018805e-05,2.1463468387793702e-06,2.873886499574931e-06,5.836307454585243e-09,2.796089516702594e-13
0.933210168067227,1.2101607754064732e-05,1.3146604178645696e-05,2.179524790710927e-06,2.918785989917974e-06,5.930417076495752e-09,2.792247845551148e-13
0.9406446638655463,1.2287845078672333e-05,1.335169523818846e-05,2.212932789885498e-06,2.964003055657829e-06,6.025317188538188e-09,2.7883844675618953e-13
0.9480791596638656,1.2475385797347705e-05,1.3558264105786231e-05,2.246570351650578e-06,3.0095368788258e-06,6.121011164584924e-09,2.784500283387947e-13
0.9555136554621849,1.2664228131072168e-05,1.376630797203985e-05,2.2804369922512543e-06,3.0553866412261694e-06,6.217503647630201e-09,2.780596154453398e-13
0.9629481512605043,1.2854370300050107e-05,1.3975824031652264e-05,2.3145322230102213e-06,3.10155152458664e-06,6.314799154388017e-09,2.776672904893183e-13
0.9703826470588236,1.3045810511584926e-05,1.4186809483898138e-05,2.3488554742024317e-06,3.1480307107077913e-06,6.4129001216295774e-09,2.7727313233902885e-13
0.9778171428571429,1.3238546962410217e-05,1.439926153309226e-05,2.383406109700253e-06,3.1948233816112926e-06,6.511807282024526e-09,2.768772164915851e-13
0.9852516386554623,1.3432577848073444e-05,1.4613177389056239e-05,2.4181834916809865e-06,3.2419287196869e-06,6.611521321105325e-09,2.7647961523775566e-13
0.9926861344537816,1.3627901142225514e-05,1.4828554267583488e-05,2.4531870487423207e-06,3.289345907837947e-06,6.712043706394083e-09,2.760803978181164e-13
1.0001206302521009,1.3824514304199204e-05,1.5045389390902688e-05,2.488416363432997e-06,3.3370741296253677e-06,6.813377717930682e-09,2.756796305710088e-13
1.0075551260504203,1.4022414720654134e-05,1.5263679988139383e-05,2.523871040055046e-06,3.385112569410081e-06,6.915526891863824e-09,2.752773770727351e-13
1.0149896218487395,1.4221599904776525e-05,1.5483423295775477e-05,2.5595506698873836e-06,3.4334604124935837e-06,7.018494517918599e-09,2.7487369827041763e-13
1.0224241176470588,1.4422068315108951e-05,1.570461655810725e-05,2.5954547469054307e-06,3.4821168452567447e-06,7.1222820446413955e-09,2.7446865260791995e-13
1.0298586134453782,1.4623818837948102e-05,1.5927257027701045e-05,2.6315827210567963e-06,3.5310810552967224e-06,7.2268900874834674e-09,2.74062296145215e-13
1.0372931092436977,1.4826850338979093e-05,1.6151341965846826e-05,2.667934043533167e-06,3.580352231561729e-06,7.332319294170279e-09,2.736546826715381e-13
1.044727605042017,1.5031160835120125e-05,1.6376868643009868e-05,2.7045082201056427e-06,3.629929564483862e-06,7.438571671489958e-09,2.732458638126788e-13
1.0521621008403361,1.5236747260194696e-05,1.660383433927999e-05,2.741304826193045e-06,3.6798122461096756e-06,7.545650960503747e-09,2.728358891327159e-13
1.0595965966386556,1.5443606477570747e-05,1.6832236344818744e-05,2.7783234417447435e-06,3.7299994702285204e-06,7.653561015089969e-09,2.7242480623050573e-13
1.0670310924369748,1.565173586424776e-05,1.7062071960303612e-05,2.815563602672676e-06,3.780490432498622e-06,7.762305352363802e-09,2.720126608312023e-13
1.0744655882352943,1.5861134749929283e-05,1.7293338497370926e-05,2.853024677469041e-06,3.831284330570754e-06,7.871886209147748e-09,2.715994968730698e-13
1.0819000840336135,1.6071802928288892e-05,1.7526033279055172e-05,2.890705994846454e-06,3.88238036420957e-06,7.982305518061773e-09,2.7118535658985857e-13
1.089334579831933,1.628374007070455e-05,1.776015364022671e-05,2.928606901600008e-06,3.933777735412429e-06,8.093565042273396e-09,2.7077028058896443e-13
1.0967690756302522,1.6496944201646888e-05,1.7995696928025777e-05,2.966726988034393e-06,3.985475648525691e-06,8.205664263000653e-09,2.703543079256067e-13
1.1042035714285716,1.6711412165318744e-05,1.8232660502295305e-05,3.005066018967188e-06,4.0374733103585734e-06,8.318601026086322e-09,2.699374761732423e-13
1.1116380672268908,1.69271407868313e-05,1.847104173600991e-05,3.0436237619927866e-06,4.0897699302943145e-06,8.432373171563915e-09,2.695198214904013e-13
1.11907256302521,1.7144127802875136e-05,1.871083801570221e-05,3.0823998435767577e-06,4.142364720398877e-06,8.54698264668427e-09,2.6910137868415796e-13
1.1265070588235295,1.7362372783624988e-05,1.8952046741887183e-05,3.121393606328474e-06,4.195256895526881e-06,8.662439659654556e-09,2.686821812703965e-13
1.1339415546218488,1.7581875518987458e-05,1.9194665329482876e-05,3.1606043588388678e-06,4.248445673425019e-06,8.778755408707282e-09,2.682622615310487e-13
1.1413760504201682,1.7802635475379685e-05,1.9438691208228372e-05,3.2000314399705736e-06,4.301930274832768e-06,8.895939758674096e-09,2.6784165056847133e-13
1.1488105462184874,1.8024650061750403e-05,1.9684121823099134e-05,3.239674381121247e-06,4.355709923580406e-06,9.013994093647654e-09,2.674203783571067e-13
1.156245042016807,1.8247915880871103e-05,1.993095463471901e-05,3.2795327891294965e-06,4.409783846684405e-06,9.132916474714941e-09,2.6699847379257283e-13
1.1636795378151261,1.8472429587498084e-05,2.0179187119769706e-05,3.319606268883887e-06,4.464151274440166e-06,9.252705029146083e-09,2.665759647383197e-13
1.1711140336134456,1.869818936175669e-05,2.0428816771396663e-05,3.35989436505883e-06,4.51881144051202e-06,9.373359978375316e-09,2.6615287806997606e-13
1.1785485294117648,1.8925195087522074e-05,2.0679841099612027e-05,3.4003965550729575e-06,4.573763582020602e-06,9.494883882898249e-09,2.6572923971752414e-13
1.185983025210084,1.9153446738245746e-05,2.0932257631694846e-05,3.441112312812486e-06,4.629006939627564e-06,9.617279426412116e-09,2.653050747053874e-13
1.1934175210084035,1.938294386531391e-05,2.1186063912587716e-05,3.4820411429328846e-06,4.684540757617725e-06,9.740549584274191e-09,2.6488040719057616e-13
1.2008520168067227,1.961368464126468e-05,2.1441257505290766e-05,3.5231826506099064e-06,4.74036428397841e-06,9.864698284668024e-09,2.644552604989575e-13
1.2082865126050422,1.9845666957516746e-05,2.169783599125129e-05,3.564536461513385e-06,4.796476770476372e-06,9.989729650039327e-09,2.640296571597821e-13
1.2157210084033614,2.007888872026956e-05,2.1955796970751972e-05,3.6061021921862045e-06,4.852877472732067e-06,1.0115647786481395e-08,2.6360361893853213e-13
1.2231555042016808,2.031334800068984e-05,2.2215138063294155e-05,3.647879357306175e-06,4.909565650291366e-06,1.0242456617579568e-08,2.6317716686818983e-13
1.23059,2.0549042973205668e-05,2.24758569079792e-05,3.6898674077885784e-06,4.96654056669468e-06,1.0370159952678168e-08,2.62750321279008e-13
1.2380244957983195,2.0785971819018415e-05,2.2737951163885386e-05,3.7320657942242156e-06,5.023801489543776e-06,1.0498761573239538e-08,2.6232310182686434e-13
1.2454589915966388,2.1024133162225825e-05,2.3001418510442565e-05,3.7744740229943638e-06,5.081347690565929e-06,1.0628263030578236e-08,2.6189552752025844e-13
1.252893487394958,2.1263526402133772e-05,2.3266256647802942e-05,3.817091698131205e-06,5.139178445675784e-06,1.0758661972548185e-08,2.6146761674604474e-13
1.2603279831932774,2.1504151016301013e-05,2.3532463297208988e-05,3.859918433524228e-06,5.197293035034823e-06,1.0889955652971053e-08,2.610393872939423e-13
1.2677624789915967,2.1746006262292993e-05,2.3800036201357327e-05,3.902953815377394e-06,5.255690743108427e-06,1.1022143333473745e-08,2.6061085637990707e-13
1.2751969747899161,2.1989090201607555e-05,2.406897312476018e-05,3.946197279372987e-06,5.314370858720702e-06,1.1155235191793392e-08,2.6018204066840575e-13
1.2826314705882353,2.2233400491210042e-05,2.433927185410318e-05,3.989648210284034e-06,5.373332675107096e-06,1.1289245097699984e-08,2.597529562936623e-13
1.2900659663865548,2.247893482247088e-05,2.461093019859956e-05,4.0333059993952834e-06,5.432575489964738e-06,1.142418654997967e-08,2.5932361887992816e-13
1.297500462184874,2.272569165451222e-05,2.4883945990341693e-05,4.077170182853346e-06,5.49209860550064e-06,1.1560064780572093e-08,2.588940435608127e-13
1.3049349579831935,2.2973670197420718e-05,2.515831708464868e-05,4.121240438499236e-06,5.551901328477902e-06,1.1696876935328779e-08,2.5846424499774023e-13
1.3123694537815127,2.322286969248127e-05,2.5434041360411628e-05,4.165516450034026e-06,5.611982970259755e-06,1.1834619824945743e-08,2.580342373975697e-13
1.319803949579832,2.3473289240829554e-05,2.571111672043442e-05,4.209997852587308e-06,5.672342846851729e-06,1.1973292415793422e-08,2.5760403452941715e-13
1.3272384453781514,2.372492754919868e-05,2.598954109177239e-05,4.254684144600707e-06,5.7329802789417836e-06,1.211289974065708e-08,2.571736497407312e-13
1.3346729411764706,2.3977783255449134e-05,2.6269312426067038e-05,4.2995748006466795e-06,5.793894591938676e-06,1.2253447891670597e-08,2.5674309597264465e-13
1.34210743697479,2.4231854979044464e-05,2.6550428699878204e-05,4.344669302328491e-06,5.8550851160084854e-06,1.2394942705399747e-08,2.563123857746578e-13
1.3495419327731093,2.4487141167485214e-05,2.6832887915012443e-05,4.389967196968784e-06,5.916551186109371e-06,1.2537387629524785e-08,2.5588153131867007e-13
1.3569764285714287,2.474364017444621e-05,2.7116688098848675e-05,4.435468067747759e-06,5.9782921420246365e-06,1.2680784808311501e-08,2.5545054441240683e-13
1.364410924369748,2.5001350359426336e-05,2.7401827304660868e-05,4.481171497868474e-06,6.040307328394278e-06,1.2825136406945137e-08,2.5501943651225904e-13
1.3718454201680674,2.5260270472186672e-05,2.7688303611936993e-05,4.527077050977429e-06,6.102596094744843e-06,1.2970446554965e-08,2.5458821873558044e-13
1.3792799159663867,2.5520399858341905e-05,2.7976115126695867e-05,4.5731842608620896e-06,6.165157795517874e-06,1.3116722381093182e-08,2.541569018724539e-13
1.386714411764706,2.578173791371935e-05,2.8265259981800297e-05,4.619492658793701e-06,6.2279917900969205e-06,1.3263971266792922e-08,2.537254963969668e-13
1.3941489075630253,2.6044283902811938e-05,2.8555736337267656e-05,4.666001784126347e-06,6.291097442833197e-06,1.3412198817056428e-08,2.532940124780124e-13
1.4015834033613446,2.6308036478064248e-05,2.884754238057739e-05,4.712711213881967e-06,6.354474123069923e-06,1.3561402358111849e-08,2.5286245998964306e-13
1.409017899159664,2.657299411376815e-05,2.914067632697586e-05,4.759620536046722e-06,6.4181212051655e-06,1.371157680643581e-08,2.52430848521e-13
1.4164523949579833,2.6839155288574875e-05,2.9435136419778125e-05,4.80672933667793e-06,6.482038068515454e-06,1.3862717807496467e-08,2.519991873858392e-13
1.4238868907563027,2.7106518558514855e-05,2.973092093066733e-05,4.854037167731927e-06,6.54622409757337e-06,1.4014833891513471e-08,2.5156748563167023e-13
1.431321386554622,2.7375082545893136e-05,3.002802815999112e-05,4.901543551957823e-06,6.6106786818707415e-06,1.4167944624392394e-08,2.5113575204853313e-13
1.4387558823529414,2.764484587545736e-05,3.0326456437055944e-05,4.9492480111257325e-06,6.675401216035948e-06,1.4322069906247826e-08,2.5070399517742986e-13
1.4461903781512606,2.7915807269506704e-05,3.062620412041766e-05,4.997150055636628e-06,6.740391099812291e-06,1.4477222349244367e-08,2.5027222331842307e-13
1.45362487394958,2.818796568755878e-05,3.092726959817106e-05,5.045249168244876e-06,6.8056477380752545e-06,1.4633396843271059e-08,2.4984044453842846e-13
1.4610593697478993,2.8461320124497966e-05,3.122965128823616e-05,5.093544827583017e-06,6.8711705408489776e-06,1.4790585636009697e-08,2.494086666787e-13
1.4684938655462185,2.873586956028068e-05,3.153334763864231e-05,5.142036524419607e-06,6.9369589233221715e-06,1.4948782566406634e-08,2.489768973620436e-13
1.475928361344538,2.9011612857035656e-05,3.183835712781e-05,5.19072384531373e-06,7.00301230586327e-06,1.5107994033389304e-08,2.4854514399975484e-13
1.4833628571428572,2.9288548820996056e-05,3.214467826483065e-05,5.239606422265927e-06,7.069330114035188e-06,1.526823239413569e-08,2.4811341379830283e-13
1.4907973529411767,2.9566676258868932e-05,3.24523095897437e-05,5.288683887254234e-06,7.135911778609561e-06,1.5429509910992427e-08,2.476817137657724e-13
1.4982318487394959,2.984599401086084e-05,3.2761249673812665e-05,5.3379558600087074e-06,7.20275673558053e-06,1.559183344422191e-08,2.472500507180765e-13
1.5056663445378153,3.0126500961876724e-05,3.307149711979844e-05,5.387421943916989e-06,7.269864426178352e-06,1.575520264610289e-08,2.4681843128494733e-13
1.5131008403361346,3.0408195999930578e-05,3.3383050562230715e-05,5.437081741229972e-06,7.337234296882534e-06,1.5919616667542202e-08,2.4638686191571754e-13
1.520535336134454,3.069107798232139e-05,3.369590866767838e-05,5.486934830065571e-06,7.404865799435e-06,1.608507690203728e-08,2.459553488849045e-13
1.5279698319327732,3.0975145643487776e-05,3.401007013501727e-05,5.536980692009774e-06,7.472758390852952e-06,1.6251593713447743e-08,2.455238982976062e-13
1.5354043277310925,3.1260397687153345e-05,3.432553369569706e-05,5.5872187845155915e-06,7.5409115334417365e-06,1.6419179708223766e-08,2.450925160947172e-13
1.542838823529412,3.1546832835963136e-05,3.464229811400651e-05,5.6376485760294455e-06,7.609324694807769e-06,1.658784671783906e-08,2.446612080579718e-13
1.5502733193277312,3.1834450084587324e-05,3.4960362187336774e-05,5.688269693044777e-06,7.677997347871397e-06,1.675759543230098e-08,2.4422997981482235e-13
1.5577078151260506,3.212324863156769e-05,3.5279724746444166e-05,5.739081880504708e-06,7.74692897088001e-06,1.6928418191550895e-08,2.437988368431708e-13
1.5651423109243698,3.2413227678966354e-05,3.560038465571154e-05,5.790084885335387e-06,7.816119047421277e-06,1.7100307187293847e-08,2.4336778447594177e-13
1.5725768067226893,3.270438619428843e-05,3.592234081340827e-05,5.841278307842413e-06,7.885567066436678e-06,1.7273263546536786e-08,2.4293682790552285e-13
1.5800113025210085,3.299672265059309e-05,3.624559215194949e-05,5.892661439255528e-06,7.955272522235299e-06,1.7447307231886343e-08,2.42505972188068e-13
1.587445798319328,3.3290235458296545e-05,3.657013763815451e-05,5.944233531646661e-06,8.025234914508072e-06,1.76224605922921e-08,2.4207522224767196e-13
1.5948802941176472,3.3584923066815294e-05,3.689597627350452e-05,5.995993887403691e-06,8.095453748342398e-06,1.779874363515762e-08,2.416445828804252e-13
1.6023147899159664,3.3880784187155195e-05,3.722310709439928e-05,6.0479421464024604e-06,8.165928534237286e-06,1.7976160662258563e-08,2.4121405875835176e-13
1.6097492857142859,3.417781763789575e-05,3.755152917241406e-05,6.100078087304341e-06,8.23665878811904e-06,1.8154709516728746e-08,2.407836544332372e-13
1.6171837815126051,3.447602224248277e-05,3.788124161455536e-05,6.1524014856558855e-06,8.307644031357519e-06,1.8334388163843315e-08,2.403533743403482e-13
1.6246182773109246,3.477539696467374e-05,3.82122435635168e-05,6.204912007394961e-06,8.378883790783152e-06,1.8515198963881583e-08,2.3992322280205504e-13
1.6320527731092438,3.507594093204746e-05,3.854453419793483e-05,6.257609190485429e-06,8.450377598704571e-06,1.8697149408524394e-08,2.3949320403135706e-13
1.6394872689075632,3.5377653281443464e-05,3.887811273264447e-05,6.310492565646766e-06,8.522124992927032e-06,1.8880247279801426e-08,2.3906332213531283e-13
1.6469217647058825,3.5680533049107035e-05,3.9212978418934674e-05,6.3635616531032305e-06,8.5941255167717e-06,1.9064499621818856e-08,2.386335811183887e-13
1.654356260504202,3.598457892568927e-05,3.954913054480464e-05,6.416815937022518e-06,8.6663787190958e-06,1.9249910943527584e-08,2.382039848857173e-13
1.6617907563025212,3.6289789527683084e-05,3.988656843522018e-05,6.4702548938352375e-06,8.738884154313594e-06,1.943648520988061e-08,2.3777453724627966e-13
1.6692252521008404,3.659616344724941e-05,4.022529145237021e-05,6.523878007238494e-06,8.811641382418451e-06,1.962422686462815e-08,2.3734524191600954e-13
1.6766597478991598,3.690369898781108e-05,4.056529899592452e-05,6.577684847158046e-06,8.884649969005887e-06,1.9813146033224256e-08,2.369161025208255e-13
1.684094243697479,3.721239426367807e-05,4.090659050329171e-05,6.631675039996234e-06,8.957909485297572e-06,2.0003256562429304e-08,2.364871225995917e-13
1.6915287394957985,3.752224739479487e-05,4.1249165449878425e-05,6.685848213472324e-06,9.031419508166597e-06,2.0194572290444794e-08,2.3605830560700797e-13
1.6989632352941177,3.783325738376141e-05,4.159302334934942e-05,6.740204028660288e-06,9.10517962016376e-06,2.038709981569457e-08,2.3562965491644256e-13
1.7063977310924372,3.814542485090015e-05,4.193816375388887e-05,6.794742207766317e-06,9.179189409545073e-06,2.0580832467607755e-08,2.352011738227008e-13
1.7138322268907564,3.845875058960094e-05,4.228458625446304e-05,6.849462479536649e-06,9.253448470300529e-06,2.077576215606776e-08,2.347728655447272e-13
1.7212667226890759,3.8773234845707886e-05,4.263229048108408e-05,6.9043645122616116e-06,9.327956402184058e-06,2.0971885084814075e-08,2.34344733228261e-13
1.728701218487395,3.908887472951575e-05,4.2981276103075875e-05,6.959447628027577e-06,9.402712810744846e-06,2.1169222046575464e-08,2.3391677994843175e-13
1.7361357142857143,3.940566623711539e-05,4.3331542829341436e-05,7.014711025898845e-06,9.477717307359929e-06,2.136780257167224e-08,2.334890087122993e-13
1.7435702100840338,3.972360544559109e-05,4.368309040863177e-05,7.070153914263561e-06,9.552969509268205e-06,2.1567655456676577e-08,2.330614224613517e-13
1.751004705882353,4.004269040313212e-05,4.403591862981753e-05,7.125775728270341e-06,9.628469039605774e-06,2.1768791680148704e-08,2.3263402407394635e-13
1.7584392016806725,4.036292117309532e-05,4.439002732216223e-05,7.181576134897338e-06,9.704215527442792e-06,2.1971204004328816e-08,2.3220681636770606e-13
1.7658736974789917,4.06842979097433e-05,4.474541635559776e-05,7.237554811629421e-06,9.780208607821682e-06,2.2174884371841526e-08,2.317798021018718e-13
1.7733081932773112,4.100682046666265e-05,4.510208564100279e-05,7.293711463109026e-06,9.85644792179687e-06,2.2379830150973483e-08,2.313529839796119e-13
1.7807426890756304,4.133048780844133e-05,4.546003513048338e-05,7.350045874274421e-06,9.932933116476027e-06,2.2586054751884845e-08,2.3092636465028516e-13
1.7881771848739498,4.1655298736153375e-05,4.581926481765639e-05,7.406557844832737e-06,1.0009663845062836e-05,2.279357453532512e-08,2.304999467116668e-13
1.795611680672269,4.19812519639078e-05,4.617977473793565e-05,7.463247144243024e-06,1.0086639766901319e-05,2.3002405090840296e-08,2.3007373271213456e-13
1.8030461764705883,4.230834534429912e-05,4.654156496882189e-05,7.520113242313321e-06,1.0163860547521658e-05,2.3212554368088296e-08,2.2964772515281206e-13
1.8104806722689077,4.263657623771647e-05,4.6904635630194445e-05,7.577155437653313e-06,1.0241325858687717e-05,2.3424025951861857e-08,2.292219264896805e-13
1.817915168067227,4.2965942013500326e-05,4.726898688460764e-05,7.634373028070533e-06,1.0319035378446047e-05,2.3636823440866284e-08,2.2879633913565293e-13
1.8253496638655464,4.3296441000430374e-05,4.763461893758976e-05,7.691765389837096e-06,1.0396988791176414e-05,2.385095467442884e-08,2.283709654626094e-13
1.8327841596638657,4.362807306005727e-05,4.800153203794595e-05,7.749332024577774e-06,1.0475185787644562e-05,2.4066434266566163e-08,2.279458078034046e-13
1.840218655462185,4.396083819126541e-05,4.836972647806516e-05,7.80707244514873e-06,1.055362606505565e-05,2.4283277438295778e-08,2.275208684538335e-13
1.8476531512605043,4.429473603865382e-05,4.873920259422985e-05,7.864986200470727e-06,1.0632309327110085e-05,2.450149647205909e-08,2.2709614967457686e-13
1.8550876470588238,4.462976450910582e-05,4.910996076693109e-05,7.923073016355945e-06,1.0711235284060585e-05,2.4721089237029976e-08,2.2667165369310044e-13
1.862522142857143,4.4965920977590036e-05,4.9482001421187026e-05,7.981332672763008e-06,1.0790403652771197e-05,2.4942049190482283e-08,2.2624738270553606e-13
1.8699566386554622,4.53032028466396e-05,4.985532502686581e-05,8.039764941624586e-06,1.086981415677806e-05,2.5164370900473813e-08,2.2582333887852322e-13
1.8773911344537817,4.564160804502281e-05,5.022993209901255e-05,8.098369442139593e-06,1.094946652635108e-05,2.5388070058278588e-08,2.2539952435102792e-13
1.884825630252101,4.598113497264686e-05,5.060582319818169e-05,8.157145656764216e-06,1.1029360498558169e-05,2.5613181266808007e-08,2.249759412361287e-13
1.8922601260504204,4.632178204651953e-05,5.0982998930773624e-05,8.216093062938512e-06,1.1109495817330811e-05,2.5839739772539865e-08,2.2455259162277333e-13
1.8996946218487396,4.6663547880794617e-05,5.136145994937559e-05,8.275211058276597e-06,1.1189872233530974e-05,2.606777042290237e-08,2.2412947757751016e-13
1.907129117647059,4.700643159276814e-05,5.1741206953108626e-05,8.334498836666508e-06,1.1270489505020298e-05,2.629727152560837e-08,2.2370660114619227e-13
1.9145636134453783,4.735043237884359e-05,5.212224068797856e-05,8.393955559965052e-06,1.1351347396730084e-05,2.652823721561169e-08,2.232839643556497e-13
1.9219981092436977,4.769554931006367e-05,5.2504561947232715e-05,8.453580476099219e-06,1.1432445680733951e-05,2.6760663120118638e-08,2.2286156921534228e-13
1.929432605042017,4.8041780411436927e-05,5.288817157172231e-05,8.513373551181732e-06,1.1513784136321124e-05,2.6994557317968382e-08,2.2243941771898023e-13
1.9368671008403362,4.838912318790026e-05,5.3273070450269414e-05,8.57333510839595e-06,1.1595362550071797e-05,2.722993407875582e-08,2.2201751184612072e-13
1.9443015966386556,4.8737575142195206e-05,5.365925952004016e-05,8.633465460320476e-06,1.1677180715934432e-05,2.7466807699625407e-08,2.215958535637377e-13
1.9517360924369749,4.908713384958109e-05,5.404673976692315e-05,8.693764313681587e-06,1.1759238435303484e-05,2.7705191679538313e-08,2.2117444482777102e-13
1.9591705882352943,4.94377969865063e-05,5.443551222591451e-05,8.754230529818934e-06,1.1841535517100323e-05,2.7945098403696738e-08,2.2075328758464346e-13
1.9666050840336136,4.978956223693326e-05,5.482557798150753e-05,8.814862907295652e-06,1.192407177785396e-05,2.8186540174597616e-08,2.2033238377275667e-13
1.974039579831933,5.014242763153282e-05,5.5216938168089244e-05,8.875660394905e-06,1.2006847041784652e-05,2.8429529618472835e-08,2.1991173532396267e-13
1.9814740756302522,5.049639266016233e-05,5.560959397034354e-05,8.936622573711541e-06,1.2089861140888053e-05,2.8674080724052652e-08,2.194913441650108e-13
1.9889085714285717,5.085145719649785e-05,5.600354662365875e-05,8.997749191089982e-06,1.2173113915021505e-05,2.8920207838453552e-08,2.1907121221896616e-13
1.996343067226891,5.12076210254481e-05,5.639879741454333e-05,9.059040003178644e-06,1.2256605211991158e-05,2.9167924829865703e-08,2.1865134140660937e-13
2.00377756302521,5.156488256734413e-05,5.6795347681047216e-05,9.120494900820104e-06,1.234033488764109e-05,2.9417238204292794e-08,2.1823173364780968e-13
2.0112120588235296,5.1923239173166065e-05,5.719319881318945e-05,9.182113880417913e-06,1.242430280594287e-05,2.966814869836304e-08,2.178123908628757e-13
2.018646554621849,5.2282688164445545e-05,5.7592352253392464e-05,9.243896939326408e-06,1.2508508839087701e-05,2.9920656936053526e-08,2.1739331497387582e-13
2.026081050420168,5.264322669473307e-05,5.7992809496923516e-05,9.305843694130704e-06,1.2592952867578641e-05,3.0174772025355135e-08,2.1697450790594663e-13
2.0335155462184873,5.300485154633294e-05,5.839457209234184e-05,9.367952919898331e-06,1.2677634780324917e-05,3.043052182432095e-08,2.1655597158856398e-13
2.0409500420168065,5.336755945186179e-05,5.879764164195397e-05,9.430223279067997e-06,1.2762554474736666e-05,3.068793670051479e-08,2.1613770795680189e-13
2.048384537815126,5.373134737257289e-05,5.9202019802274315e-05,9.49265358076884e-06,1.2847711856821825e-05,3.0947044972159804e-08,2.1571971895256194e-13
2.0558190336134454,5.4096213887812496e-05,5.9607708284493536e-05,9.55524367227857e-06,1.2933106841283247e-05,3.120786045400924e-08,2.1530200652577537e-13
2.0632535294117647,5.4462158275034315e-05,6.001470885495439e-05,9.617993848772012e-06,1.3018739351617215e-05,3.1470390703463485e-08,2.1488457263559452e-13
2.070688025210084,5.482917979043073e-05,6.042302333563302e-05,9.680904392247243e-06,1.3104609320213036e-05,3.173464332860849e-08,2.1446741925154473e-13
2.078122521008403,5.5197276875360706e-05,6.083265360462878e-05,9.743975077668056e-06,1.3190716688453708e-05,3.20006284943804e-08,2.1405054835466357e-13
2.085557016806723,5.556644697663744e-05,6.124360159666011e-05,9.807205061137066e-06,1.3277061406816864e-05,3.226835948648135e-08,2.13633961938613e-13
2.092991512605042,5.593668748067619e-05,6.165586930356836e-05,9.87059346117366e-06,1.3363643434977656e-05,3.253784978017432e-08,2.1321766201076653e-13
2.1004260084033612,5.630799593508137e-05,6.206945877482776e-05,9.934139487406506e-06,1.3450462741911275e-05,3.280911346570432e-08,2.1280165059327543e-13
2.1078605042016805,5.6680370469945356e-05,6.248437211806361e-05,9.997842678705233e-06,1.3537519305996997e-05,3.308216685567248e-08,2.1238592972411096e-13
2.115295,5.705380934689272e-05,6.29006114995768e-05,1.006170264828568e-05,1.36248131151229e-05,3.3357026764512325e-08,2.11970501458077e-13
2.1227294957983194,5.742831076052681e-05,6.331817914487547e-05,1.0125719005349685e-05,1.3712344166790499e-05,3.363370996356129e-08,2.115553678678111e-13
2.1301639915966386,5.7803872058789014e-05,6.373707733921453e-05,1.018989130839117e-05,1.380011246822075e-05,3.391223267973466e-08,2.111405310447495e-13
2.137598487394958,5.8180490009505406e-05,6.415730842814174e-05,1.0254219081160052e-05,1.3888118036460348e-05,3.4192610766920884e-08,2.107259931000722e-13
2.145032983193277,5.855816137583145e-05,6.457887481805066e-05,1.031870184707565e-05,1.3976360898487825e-05,3.447486005474437e-08,2.1031175616562997e-13
2.1524674789915967,5.893688369170491e-05,6.500177897674138e-05,1.0383339169818082e-05,1.4064841091320853e-05,3.475899440080264e-08,2.0989782239483876e-13
2.159901974789916,5.9316655970731075e-05,6.542602343398779e-05,1.0448130690355906e-05,1.4153558662123459e-05,3.5045023877001e-08,2.09484193963558e-13
2.167336470588235,5.9697477394129044e-05,6.585161078211217e-05,1.0513076058412775e-05,1.4242513668313481e-05,3.5332958126409274e-08,2.090708730709369e-13
2.1747709663865544,6.0079346664277286e-05,6.62785436765661e-05,1.0578174871024751e-05,1.4331706177669855e-05,3.5622810035126105e-08,2.0865786194024275e-13
2.182205462184874,6.04622595943029e-05,6.670682483651904e-05,1.0643426407318993e-05,1.4421136268440494e-05,3.591461205719338e-08,2.0824516281966401e-13
2.1896399579831933,6.0846210919038237e-05,6.713645704545323e-05,1.0708829827776174e-05,1.4510804029450047e-05,3.6208403949585696e-08,2.0783277798308642e-13
2.1970744537815126,6.123119549546432e-05,6.756744315176553e-05,1.0774384304468323e-05,1.4600709560206919e-05,3.650422474908695e-08,2.0742070973084891e-13
2.204508949579832,6.161721140415704e-05,6.799978606937559e-05,1.0840089316098911e-05,1.4690852971011102e-05,3.680209444397372e-08,2.0700896039047356e-13
2.211943445378151,6.200426017037682e-05,6.84334887783409e-05,1.0905944669033128e-05,1.478123438306094e-05,3.710201266757729e-08,2.0659753231736858e-13
2.2193779411764707,6.239234348677838e-05,6.886855432547844e-05,1.097195018558114e-05,1.4871853928560047e-05,3.740397806226025e-08,2.06186427895511e-13
2.22681243697479,6.278146120112938e-05,6.93049858249916e-05,1.1038105559157017e-05,1.4962711750823374e-05,3.770799636074305e-08,2.0577564953810235e-13
2.234246932773109,6.317160742833624e-05,6.974278645910462e-05,1.1104410082639003e-05,1.5053808004383233e-05,3.801409532855285e-08,2.0536519968820309e-13
2.2416814285714284,6.356277517300551e-05,7.018195947870237e-05,1.1170862971332397e-05,1.5145142855094167e-05,3.832230699837417e-08,2.049550808193391e-13
2.249115924369748,6.395495788108759e-05,7.062250820397561e-05,1.1237463482689268e-05,1.5236716480237611e-05,3.8632662423796124e-08,2.0454529543608318e-13
2.2565504201680673,6.434815363677634e-05,7.10644360250732e-05,1.1304211317097334e-05,1.5328529068625383e-05,3.894518236873566e-08,2.0413584607461802e-13
2.2639849159663865,6.474236329834543e-05,7.150774640275809e-05,1.1371106439859002e-05,1.5420580820702486e-05,3.925988144297626e-08,2.0372673530326524e-13
2.2714194117647057,6.513758773245584e-05,7.195244286907073e-05,1.1438148814874106e-05,1.5512871948649006e-05,3.957677425402996e-08,2.0331796572299828e-13
2.278853907563025,6.55338256547123e-05,7.239852902799587e-05,1.1505338036943554e-05,1.5605402676480566e-05,3.9895881394817165e-08,2.0290953996792792e-13
2.2862884033613446,6.593107218416704e-05,7.284600855613512e-05,1.1572673083737202e-05,1.5698173240147953e-05,4.021723346582306e-08,2.0250146070576175e-13
2.293722899159664,6.632932209764869e-05,7.329488520338402e-05,1.1640152874202885e-05,1.5791183887635342e-05,4.05408620197848e-08,2.020937306382377e-13
2.301157394957983,6.67285707883171e-05,7.374516279361413e-05,1.1707776463662008e-05,1.588443487905705e-05,4.086679609337909e-08,2.0168635250153969e-13
2.3085918907563023,6.712881683166277e-05,7.419684522535815e-05,1.1775543611579753e-05,1.5977926486752893e-05,4.119505173199366e-08,2.012793290666809e-13
2.316026386554622,6.753005982727913e-05,7.464993647250022e-05,1.1843454304021187e-05,1.6071658995381883e-05,4.1525640800301175e-08,2.008726631398655e-13
2.3234608823529412,6.793229925123958e-05,7.510444058496945e-05,1.191150850741867e-05,1.616563270201414e-05,4.1858575830440774e-08,2.0046635756282782e-13
2.3308953781512605,6.833553204108888e-05,7.556036168943674e-05,1.197970578409784e-05,1.6259847916221626e-05,4.219388305879794e-08,2.0006041521314405e-13
2.3383298739495797,6.873975275877302e-05,7.601770399001459e-05,1.2048045318214326e-05,1.6354304960165803e-05,4.253160154642709e-08,1.996548390045212e-13
2.345764369747899,6.914495587672803e-05,7.647647176895991e-05,1.211652627948866e-05,1.6449004168684266e-05,4.2871770838762446e-08,1.9924963188705933e-13
2.3531988655462186,6.955113695745156e-05,7.69366693873795e-05,1.2185147902611693e-05,1.6543945889374612e-05,4.3214425273572655e-08,1.988447968474894e-13
2.360633361344538,6.99582944842217e-05,7.739830128593697e-05,1.2253909596359885e-05,1.6639130482676836e-05,4.355958523487547e-08,1.984403369093922e-13
2.368067857142857,7.036642742438256e-05,7.786137198556204e-05,1.2322810798361213e-05,1.6734558321952235e-05,4.3907268794109684e-08,1.9803625513338475e-13
2.3755023529411763,7.077553460786504e-05,7.832588608816082e-05,1.2391850965737368e-05,1.6830229793560767e-05,4.4257495474292796e-08,1.976325546172871e-13
2.382936848739496,7.118561365153832e-05,7.879184827732643e-05,1.2461029727697514e-05,1.692614529693533e-05,4.461029761275244e-08,1.9722923849626276e-13
2.390371344537815,7.159666154036834e-05,7.925926331905185e-05,1.2530346803093896e-05,1.7022305244653624e-05,4.4965714221992786e-08,1.968263099429389e-13
2.3978058403361344,7.200867525259993e-05,7.972813606244098e-05,1.259980190892309e-05,1.7118710062506878e-05,4.532378419731393e-08,1.9642377216749477e-13
2.4052403361344536,7.242165170098988e-05,8.019847144042028e-05,1.266939462740198e-05,1.721536018956575e-05,4.56845374736073e-08,1.9602162841773607e-13
2.412674831932773,7.283558770271693e-05,8.067027447044965e-05,1.273912434404024e-05,1.73122560782432e-05,4.604799090829845e-08,1.9561988197913523e-13
2.4201093277310926,7.325048006739411e-05,8.114355025523154e-05,1.2808990428776368e-05,1.7409398194354245e-05,4.6414160323610644e-08,1.952185361748546e-13
2.427543823529412,7.366632560604837e-05,8.161830398341857e-05,1.2878992233889149e-05,1.7506787017172124e-05,4.6783067576052524e-08,1.94817594365743e-13
2.434978319327731,7.408312113596893e-05,8.209454093031882e-05,1.2949129033451713e-05,1.7604423039480866e-05,4.71547612448617e-08,1.9441705995031024e-13
2.4424128151260502,7.450086347617786e-05,8.257226645859761e-05,1.301940007989571e-05,1.77023067676251e-05,4.7529297304128934e-08,1.9401693636467564e-13
2.44984731092437,7.491954946901095e-05,8.305148601897668e-05,1.3089804649700412e-05,1.7800438721555293e-05,4.7906730254730654e-08,1.93617227082496e-13
2.457281806722689,7.533917634066228e-05,8.353220515092918e-05,1.3160342415302236e-05,1.789881943486951e-05,4.828709033675244e-08,1.9321793561486806e-13
2.4647163025210084,7.575974163182197e-05,8.401442948336945e-05,1.3231013373546151e-05,1.7997449454851193e-05,4.867038791336241e-08,1.9281906551020799e-13
2.4721507983193276,7.618124289116853e-05,8.449816473533796e-05,1.3301817529621611e-05,1.809632934250281e-05,4.905663281895696e-08,1.9242062035411185e-13
2.479585294117647,7.660367734268965e-05,8.49834167166803e-05,1.337275458028059e-05,1.819545967257549e-05,4.944584934809387e-08,1.920226037691839e-13
2.4870197899159665,7.702704145779567e-05,8.547019132871969e-05,1.344382350736993e-05,1.829484103359372e-05,4.983809531150267e-08,1.9162501941485315e-13
2.4944542857142857,7.745133160155768e-05,8.595849456492197e-05,1.3515023191720329e-05,1.8394474027876536e-05,5.0233433255748846e-08,1.9122787098716176e-13
2.501888781512605,7.787654421144166e-05,8.644833251155289e-05,1.3586352600087584e-05,1.8494359271552872e-05,5.06319224560742e-08,1.9083116221852773e-13
2.509323277310924,7.83026762658186e-05,8.693971134832656e-05,1.3657811341225337e-05,1.8594497394573254e-05,5.1033597745695414e-08,1.9043489687749674e-13
2.516757773109244,7.872972498780789e-05,8.743263734904425e-05,1.3729399314377937e-05,1.86948890407159e-05,5.1438482898320536e-08,1.9003907876845818e-13
2.524192268907563,7.915768759776127e-05,8.792711688222336e-05,1.3801116411664788e-05,1.8795534867588078e-05,5.184660197097265e-08,1.8964371173134725e-13
2.5316267647058823,7.958656116760909e-05,8.842315641171514e-05,1.3872962205572855e-05,1.8896435546622274e-05,5.22579916401125e-08,1.892487996413294e-13
2.5390612605042016,8.001634257988432e-05,8.892076249731026e-05,1.394493586071241e-05,1.899759176306702e-05,5.267270468561668e-08,1.8885434640845384e-13
2.546495756302521,8.044702870479916e-05,8.941994179533209e-05,1.4017036515160842e-05,1.909900421597215e-05,5.3090794934923186e-08,1.8846035597728893e-13
2.5539302521008405,8.087861644904966e-05,8.992070105921608e-05,1.4089263410525393e-05,1.920067361816872e-05,5.351231522841939e-08,1.880668323265447e-13
2.5613647478991597,8.131110285803378e-05,9.042304714007441e-05,1.4161616182008933e-05,1.930260069624312e-05,5.3937314653962755e-08,1.876737794686641e-13
2.568799243697479,8.17444850101058e-05,9.092698698724615e-05,1.4234094558334192e-05,1.9404786190505058e-05,5.4365841407795136e-08,1.8728120144939845e-13
2.576233739495798,8.217876000813551e-05,9.143252764882958e-05,1.4306698250172024e-05,1.9507230854950104e-05,5.479794340194964e-08,1.8688910234736527e-13
2.583668235294118,8.261392528513454e-05,9.193967627219786e-05,1.4379426725095615e-05,1.96099354572152e-05,5.5233664721132943e-08,1.8649748627358062e-13
2.591102731092437,8.304997851071278e-05,9.244844010449643e-05,1.4452279276460485e-05,1.9712900778528818e-05,5.567304670717091e-08,1.861063573709785e-13
2.5985372268907563,8.348691735505193e-05,9.295882649312052e-05,1.4525255194477743e-05,1.9816127613654234e-05,5.6116130712494336e-08,1.8571571981390595e-13
2.6059717226890755,8.39247388570931e-05,9.347084288617222e-05,1.4598353858957012e-05,1.9919616770825974e-05,5.656296778160284e-08,1.8532557780760054e-13
2.6134062184873947,8.43634387861464e-05,9.398449683289569e-05,1.4671574829919813e-05,2.0023369071679883e-05,5.701362845291413e-08,1.8493593558764952e-13
2.6208407142857144,8.480301275936444e-05,9.449979598409017e-05,1.474491768898498e-05,2.0127385351176355e-05,5.746818560107344e-08,1.8454679741943206e-13
2.6282752100840336,8.524345672169749e-05,9.501674809249767e-05,1.4818381995296654e-05,2.0231666457516117e-05,5.79267088011442e-08,1.841581675975413e-13
2.635709705882353,8.568476870296555e-05,9.553536101316726e-05,1.4891967165054889e-05,2.033621325204918e-05,5.8389246642084796e-08,1.8377005044518888e-13
2.643144201680672,8.612694754990266e-05,9.60556427037912e-05,1.4965672558449977e-05,2.0441026609176586e-05,5.885583948987365e-08,1.833824503135942e-13
2.6505786974789918,8.656999204738832e-05,9.657760122501428e-05,1.5039497536854719e-05,2.0546107416244183e-05,5.93265283614575e-08,1.8299537158135387e-13
2.658013193277311,8.70138991747637e-05,9.710124474071426e-05,1.5113441498835652e-05,2.0651456573429233e-05,5.980137325081548e-08,1.8260881865379592e-13
2.6654476890756302,8.745866389468699e-05,9.762658151825085e-05,1.5187503884502618e-05,2.0757074993618836e-05,6.028045534818562e-08,1.822227959623187e-13
2.6728821848739495,8.79042810638927e-05,9.815361992868484e-05,1.526168413616006e-05,2.086296360228084e-05,6.076385695810836e-08,1.8183730796370916e-13
2.6803166806722687,8.835074644989562e-05,9.868236844695948e-05,1.5335981726460197e-05,2.096912333732654e-05,6.125165469931488e-08,1.8145235913945363e-13
2.6877511764705884,8.879805879564508e-05,9.921283565206326e-05,1.5410396227198702e-05,2.1075555148964736e-05,6.174390661552562e-08,1.8106795399502493e-13
2.6951856722689076,8.924621745072186e-05,9.974503022709549e-05,1.5484927230384558e-05,2.1182259999548e-05,6.224066696338894e-08,1.8068409705915804e-13
2.702620168067227,8.969522157634594e-05,0.00010027896095942753,1.555957432386037e-05,2.1289238863410116e-05,6.27419921805631e-08,1.8030079288311328e-13
2.710054663865546,9.014506823145647e-05,0.0001008146367407242,1.563433704896765e-05,2.1396492726694637e-05,6.324796304678757e-08,1.7991804603992324e-13
2.7174891596638657,9.05957531590684e-05,0.0001013520665667604,1.5709214917940552e-05,2.1504022587174894e-05,6.375867557874598e-08,1.7953586112362257e-13
2.724923655462185,9.104727209023676e-05,0.00010189125953776101,1.5784207441817782e-05,2.1611829454064833e-05,6.427422590317685e-08,1.7915424274847204e-13
2.732358151260504,9.149962145819559e-05,0.00010243222485789397,1.5859314067720695e-05,2.171991434782085e-05,6.479469959006884e-08,1.7877319554816106e-13
2.7397926470588234,9.195279892521315e-05,0.00010297497183522894,1.5934534130895092e-05,2.182827829993372e-05,6.532016373177475e-08,1.7839272417500721e-13
2.7472271428571426,9.240680227762187e-05,0.0001035195098819557,1.600986695529357e-05,2.193692235271208e-05,6.585068355543466e-08,1.78012833299132e-13
2.7546616386554623,9.286162925945435e-05,0.00010406584851347805,1.608531187769405e-05,2.204584755905517e-05,6.638633136300864e-08,1.7763352760763615e-13
2.7620961344537815,9.331727738476623e-05,0.00010461399734878114,1.6160868304603543e-05,2.2155054982216636e-05,6.692721792110081e-08,1.772548118037539e-13
2.769530630252101,9.377374408983074e-05,0.00010516396610956714,1.623653566611279e-05,2.2264545695557496e-05,6.747346700577823e-08,1.7687669060600366e-13
2.77696512605042,9.423102680982053e-05,0.00010571576462024806,1.6312313398704726e-05,2.2374320782290043e-05,6.802520110122969e-08,1.7649916874732485e-13
2.7843996218487397,9.468912295693272e-05,0.00010626940280713676,1.6388201079782324e-05,2.2484381335210577e-05,6.858251390131371e-08,1.7612225097420204e-13
2.791834117647059,9.514802992089109e-05,0.00010682489069836133,1.6464198424587325e-05,2.259472845642187e-05,6.914547093907214e-08,1.7574594204578732e-13
2.799268613445378,9.560774509056524e-05,0.00010738223842304297,1.654030515402797e-05,2.2705363257045494e-05,6.971413659055013e-08,1.7537024673300179e-13
2.8067031092436974,9.606826592523133e-05,0.00010794145621051606,1.6616520913320693e-05,2.2816286856922787e-05,7.028859126807958e-08,1.7499516981764016e-13
2.8141376050420166,9.652959008230119e-05,0.0001085025543898762,1.6692845134672903e-05,2.292750038430523e-05,7.086896051268522e-08,1.7462071609145818e-13
2.8215721008403363,9.699171525378608e-05,0.00010906554338918193,1.6769277213095298e-05,2.3039004975533665e-05,7.14553777459968e-08,1.742468903552553e-13
2.8290065966386555,9.745463908935158e-05,0.00010963043373447659,1.684581654908944e-05,2.315080177470597e-05,7.204797551025719e-08,1.7387369741795242e-13
2.8364410924369747,9.791835884284415e-05,0.00011019723604901649,1.692246259448223e-05,2.3262891933333806e-05,7.264687812777044e-08,1.7350114209565594e-13
2.843875588235294,9.838287155214483e-05,0.0001107659610521425,1.699921482910444e-05,2.337527660998761e-05,7.325220543590923e-08,1.7312922921072098e-13
2.8513100840336136,9.884817426586901e-05,0.00011133661955849864,1.7076072732934354e-05,2.3487956969929204e-05,7.386407736718825e-08,1.727579635908052e-13
2.858744579831933,9.931426477697086e-05,0.00011190922247628581,1.715303577814684e-05,2.3600934184733403e-05,7.448262194798809e-08,1.7238735006792016e-13
2.866179075630252,9.978114201486383e-05,0.00011248378080685307,1.7230103425002574e-05,2.3714209431897406e-05,7.510797956243331e-08,1.7201739347747167e-13
2.8736135714285713,0.00010024880500473074,0.00011306030564259849,1.730727513275821e-05,2.382778389443672e-05,7.574029163603556e-08,1.7164809865730103e-13
2.881048067226891,0.00010071725244802312,0.00011363880816621133,1.73845504194577e-05,2.394165876047073e-05,7.637970069130645e-08,1.7127947044671886e-13
2.8884825630252102,0.00010118648153752987,0.00011421929964868686,1.746192907710736e-05,2.405583522279363e-05,7.702635436303045e-08,1.7091151368553325e-13
2.8959170588235295,0.00010165648902690411,0.00011480179144791621,1.7539410977457428e-05,2.4170314478433966e-05,7.768040177405331e-08,1.7054423321307892e-13
2.9033515546218487,0.00010212727171178458,0.00011538629500696888,1.7616995962159657e-05,2.428509772820088e-05,7.834199412456606e-08,1.701776338672396e-13
2.910786050420168,0.00010259882713049747,0.00011597282185261374,1.7694683340921507e-05,2.440018617621674e-05,7.901131931461098e-08,1.6981172048346726e-13
2.9182205462184876,0.00010307115345747493,0.00011656138359294496,1.7772471967844474e-05,2.4515581029437157e-05,7.968859667735763e-08,1.6944649789380318e-13
2.925655042016807,0.00010354424888801073,0.00011715199191538154,1.7850360683338845e-05,2.4631283497157544e-05,8.037404647986526e-08,1.6908197092589282e-13
2.933089537815126,0.00010401811171578908,0.0001177446585851509,1.792834866328093e-05,2.4747294790505654e-05,8.106786237561452e-08,1.6871814440199955e-13
2.9405240336134453,0.00010449274047375207,0.00011833939544239032,1.8006435899307413e-05,2.486361612192045e-05,8.177017330123468e-08,1.6835502313802372e-13
2.947958529411765,0.0001049681337305127,0.00011893621440026442,1.8084622504676385e-05,2.4980248704617537e-05,8.248109854474454e-08,1.679926119425082e-13
2.955393025210084,0.00010544429003158732,0.00011953512744222135,1.8162908561129943e-05,2.5097193752039627e-05,8.320076987705861e-08,1.6763091561566154e-13
2.9628275210084034,0.00010592120774018937,0.00012013614661945158,1.8241293901652056e-05,2.521445247729352e-05,8.39294175976076e-08,1.6726993894836278e-13
2.9702620168067226,0.00010639888513305072,0.00012073928404853541,1.831977824121987e-05,2.5332026092572578e-05,8.466731874614641e-08,1.6690968672118036e-13
2.977696512605042,0.00010687732048638193,0.00012134455190791256,1.8398361294099173e-05,2.54499158085627e-05,8.541475064418505e-08,1.6655016370338744e-13
2.9851310084033615,0.00010735651207639352,0.0001219519624355415,1.8477042774555754e-05,2.556812283383991e-05,8.617199061323365e-08,1.661913746519881e-13
2.9925655042016808,0.00010783645817929603,0.0001225615279253699,1.85558223968554e-05,2.5686648374236138e-05,8.69393159748021e-08,1.658333243106979e-13
3.0,0.0001083171570713,0.00012317326072440002,1.86346998752639e-05,2.58054936322248e-05,8.771700405040049e-08,1.65476017409046e-13
